NAME,PRICE RANGE,REVIEWS,SUBCATAGORY
"WinterWise® 10-STUD Ice Snow Grips, Anti Slip Winter Ice Grippers Universal Slip-on Stretch fit…",£1.99 - £9.99,"1,007","Camping, Hiking & Mountaineering"
"HYDRATE XL Jug 2.2 Litre Water Bottle - BPA Free, Flip Cap, Ideal for Gym - Colour Options",£11.99 - £13.99,"6,458","Camping, Hiking & Mountaineering"
"Sistema Twist 'n' Sip BPA Free Water Bottle, 460 ml - Blue and Pink",£1.50 - £9.99,297,"Camping, Hiking & Mountaineering"
Black Reusable Face Mask UK from Hero Mask | 3 Layers of Blended Cotton | Reusable Red Face…,£2.99 - £17.99,378,"Camping, Hiking & Mountaineering"
"Rumsfel Neck Warmer Snoods for Men & Women, Neck Gaiter Tube, Multifunctional Winter Face…",£10.99 - £19.99,"1,276","Camping, Hiking & Mountaineering"
TRENDOUX Thermal Winter Touch Screen Gloves Men Women - Anti-slip Grip - Elastic Cuff - Warm…,£10.99,"14,863","Camping, Hiking & Mountaineering"
SYOSIN Winter Touch Screen Gloves Warm Knitted Gloves Working Outdoor Skiing Camping Hiking…,£14.99,"1,162","Camping, Hiking & Mountaineering"
"OMERIL LED Head Torch, Lightweight COB Headlamp with 3 Modes, IPX4 Waterproof, Super…",£6.99,"10,119","Camping, Hiking & Mountaineering"
"HYDRATE Tracker 900ml Straw Water Bottle - with Motivational Time Markings, BPA-Free",£10.99 - £11.99,"1,695","Camping, Hiking & Mountaineering"
Polma Cooling Neck Gaiter Face Mask - Breathable Lightweight Dust & UV Sun-Protection Bandanas…,£9.34 - £10.99,704,"Camping, Hiking & Mountaineering"
E FAST CE4 - 3 x Large bbq Lighters Refillable Safety Gas Candle BBQ Fire Lighter,£3.99,"6,718","Camping, Hiking & Mountaineering"
"BULK POWDERS Pro Series Half Gallon Water Bottle, 2.2 litre",£8.49 - £10.99,"3,293","Camping, Hiking & Mountaineering"
"Beanie for Men, Comfortable Breathable Soft Beanie, Winter Hats for Women and Men, Gifts…",£3.99,286,"Camping, Hiking & Mountaineering"
"Science in Sport Clear Drinks Bottle, 800 ml, Transparent",£8.99 - £13.99,"11,295","Camping, Hiking & Mountaineering"
Seamless Multifunctional Headwear Bandana Scarf - Elastic Tube Magic Headband Gaiter Balaclava…,£10.99,"8,371","Camping, Hiking & Mountaineering"
"LED Head Torch,OMERIL USB Rechargeable Headlamp with Super Bright 200 Lumens,5…",£15.98,"10,653","Camping, Hiking & Mountaineering"
MATCC Ice Snow Grips Crampons Anti Slip Winter Ice Grippers Snow Traction Cleats with 12 Steel…,£8.49 - £12.74,20,"Camping, Hiking & Mountaineering"
Linkax LED Torch LED Flashlight Adjustable Focus Handheld Flashlight Super Bright 800 Lumens…,£8.99 - £16.99,"7,966","Camping, Hiking & Mountaineering"
YouGa Headwear Headbands 6PCS Multifunctional Bandana Wide Seamless Magic Scarf Tube Scarf…,£9.99 - £10.99,"4,901","Camping, Hiking & Mountaineering"
Mango Water Bottle With Straw - 900ml Motivational Time Markings - BPA Free Sports…,£14.99 - £25.00,"4,915","Camping, Hiking & Mountaineering"
"Yaktrax Walk Ice & Snow Grips For Walking Shoes, Elastic Rubber Strap & 1.2mm Steel Coils,…",£3.99,472,"Camping, Hiking & Mountaineering"
HOTHANDS Hand Warmers - 5 Pairs - 10 hours of heat - Air activated - Ready to use,£6.99,640,"Camping, Hiking & Mountaineering"
Natuce 2 Pieces Running Headband Fleece Ear Warmers Headband with Ponytail Hole Thermal…,£9.99 - £21.16,227,"Camping, Hiking & Mountaineering"
Nikwax Tech Wash and TX Direct Twin Pack for Durable Water Repellency,£7.99,"6,877","Camping, Hiking & Mountaineering"
"LED Head Torch, [2 Pack] Gritin COB Headlamp Super Bright Headlight, Adjustable &…",£18.25 - £39.99,"1,138","Camping, Hiking & Mountaineering"
Little Hotties Hand Warmers Disposable,£6.99 - £7.99,"1,932","Camping, Hiking & Mountaineering"
ARKIM Unisex Bandana Face Mask Scarf Face Rave Balaclava Neck Gaiters Dust Cloth Washable…,£9.95 - £13.20,"6,330","Camping, Hiking & Mountaineering"
More Water Bottle With Straw - 8 Colour Drinking Bottles - Motivational Times to Drink - 900ml…,£26.99,"3,005","Camping, Hiking & Mountaineering"
"NOOYME Mens Thermal Underwear Mens Thermals Long Johns, Base Layers Men Quick…",£11.95 - £14.95,545,"Camping, Hiking & Mountaineering"
"QuiFit 3.78/2.2 Litre Motivational Water Bottle - with Straw & Time Marker,Wide Mouth,BPA…",£12.01,"1,081","Camping, Hiking & Mountaineering"
Little Hotties Hand Pocket Glove Warmers Winter Season Bulk Pack - 20 Pairs by Little Hotties,£16.99,768,"Camping, Hiking & Mountaineering"
"Everbeam H6 Pro LED Head Torch Headlamp, Motion Sensor Control, 650 Lumen Bright 30…",£13.99,"2,419","Camping, Hiking & Mountaineering"
"ATNKE LED Lighted Beanie Cap, USB Rechargeable Running Hat Ultra Bright 4 LED Waterproof Light…",£5.95 - £34.90,"1,972","Camping, Hiking & Mountaineering"
"THE HEAT COMPANY Toewarmers - 5, 15 or 40 Pairs - EXTRA WARM - Adhesive - Foot Warmers…",£7.99 - £21.00,"2,593","Camping, Hiking & Mountaineering"
"TEMINICE Unisex 4 Pieces Bandana Face Mask - Headwear Bandana Face Cover Mask,Headband…",£20.99,"6,966","Camping, Hiking & Mountaineering"
"Victoper Wesho Rechargeable Headlight with 3 Lights 4 Modes, 6000 Lumen Super Bright LED…",£19.99 - £21.99,"2,758","Camping, Hiking & Mountaineering"
"Yesloo Crampons, Ice Snow Grips 24 Teeth Stainless Steel Traction Cleats for Snow Boots…",£19.99,13,"Camping, Hiking & Mountaineering"
Oypla 80cm Portable Folding Outdoor Camping Kitchen Work Top Table,£11.99 - £29.98,863,"Camping, Hiking & Mountaineering"
"MEETYOO Men’s Leggings, Sports Compression Tights Quick Dry Base Layer Bottom Training…",£2.34 - £12.99,"1,303","Camping, Hiking & Mountaineering"
"SKL Neck Gaiter, Face Cover Scarf, Sun Protection Breathable Cooling Ice Silk Fabric Reusable…",£26.98,"1,089","Camping, Hiking & Mountaineering"
"MEETYOO Men’s Thermal Underwear Set, Wicking Long Johns Quick Dry Base Layer Sport…",£8.95 - £13.59,"2,267","Camping, Hiking & Mountaineering"
Super Sparrow Sports Water Bottle - 350ml & 500ml & 750ml & 1000ml - Non-Toxic BPA Free…,£16.99,"10,778","Camping, Hiking & Mountaineering"
Socksmad Heavy Duty Work Socks - 12 Pairs Safety Boot Working Socks - Reinforced Heels…,£13.98 - £14.98,"1,693","Camping, Hiking & Mountaineering"
HEGCOIIE Winter Neck Gaiter Fleece Windproof Neck Warmer for Men Women Neck Scarf Beanie…,£29.99,263,"Camping, Hiking & Mountaineering"
"Unigear Ice Traction Cleats Ice Snow Grips Crampons with 18 Shoe Spikes for Walking,…",£10.79,838,"Camping, Hiking & Mountaineering"
"Face Coverings 6 Pack, Multifunctional Headwear Bandana Face Scarf Tube Snood, Windproof…",£1.60 - £7.99,"1,424","Camping, Hiking & Mountaineering"
Beechfield Morf Original,£12.99 - £29.98,"3,417","Camping, Hiking & Mountaineering"
"MEETYOO Men’s Compression Shirt, Base Layer Top Long Sleeve T-Shirt Sports Gear Fitness…",£28.98 - £65.99,"2,796","Camping, Hiking & Mountaineering"
Yuerlian 3 Pack Mens Compression Leggings Cool Dry Sport Pants Running Gym Tights,£26.99,"1,587","Camping, Hiking & Mountaineering"
"Gritin Resistance Bands, [Set of 5] Skin-Friendly Resistance Fitness Exercise Loop Bands with 5…",£9.99 - £12.99,"36,435",Fitness
"Gritin Skipping Rope, Speed Jump Rope Soft Memory Foam Handle Tangle-free Adjustable…",£8.59,"17,157",Fitness
"Fitbit Inspire 2 Health & Fitness Tracker with a Free 1-Year Fitbit Premium Trial, 24/7 Heart Rate &…",£74.50 - £125.26,"5,106",Fitness
"Resistance Bands Set Exercise Bands, Resistance Bands Set Men Home Workouts With 5 Fitness…",£32.99,"1,519",Fitness
"Proworks Yoga Mat, Eco Friendly NBR, Non-Slip Exercise Mat with Carry Strap for Yoga, Pilates,…",£18.00 - £24.00,"6,626",Fitness
"TOPLUS Yoga Mat, Classic Pro Yoga Mat TPE Eco Friendly Non Slip Fitness Exercise Mat with…",£27.99 - £30.99,"5,802",Fitness
"Maximo Exercise Mat NBR Fitness Mat - Multi Purpose - 183 x 60 x 1.2 centimetres - Pilates, Sit…",£23.97 - £24.97,"9,375",Fitness
"TEMINICE High-End Fitness Trackers HR, Activity Trackers Health Exercise Watch with Heart Rate…",£20.39 - £29.99,"20,490",Fitness
UMI. by Amazon - Neoprene Dumbbell Weights Home Gym Fitness Dumbbell Set 1Kg 2Kg 3Kg…,£34.98 - £70.99,"2,606",Fitness
"FITFORT Skipping Rope Adult - Fitness Jump Rope, Tangle Rapid Speed Skipping Rope Cable with…",£8.59,"7,225",Fitness
XN8 Padded Exercise Yoga Mat-NBR 15mm Thick with Carry Handle Strap for Pilates-Exercise…,£21.99 - £22.49,"1,190",Fitness
H&S Ab Abdominal Exercise Roller With Extra Thick Knee Pad Mat - Body Fitness Strength Training…,£16.99,"6,427",Fitness
RMK Yoga Mat NBR Exercise Fitness Foam Extra Thick Non-Slip Large Padded High Density for…,£13.99,71,Fitness
"Fitbit Versa 3 Health & Fitness Smartwatch with GPS, 24/7 Heart Rate, Voice Assistant & up to 6+…",£159.00 - £319.26,"4,936",Fitness
"Fitbit Charge 4 Advanced Fitness Tracker with GPS, Swim Tracking & Up To 7 Day Battery, Black",£115.00 - £199.99,"26,220",Fitness
"Trideer Exercise Ball (Multiple Colours), 45-85cm Gym Ball Supports 2200lbs, Ball with Quick…",£11.99 - £34.08,"16,461",Fitness
"Blukar Skipping Rope, Speed Jump Rope Tangle-free Adjustable Rope with Rapid Ball Bearings &…",£7.59,"2,053",Fitness
"CAMTOA Resistance Bands,Premium Exercise Loops,3 Resistance Level Workout Booty…",£11.99,988,Fitness
"LETSCOM Smart Watch Health & Fitness Tracker, IP68 Waterproof Smartwatch with Heart Rate…",£36.99 - £37.99,"8,717",Fitness
"BULK POWDERS Pro Series Half Gallon Water Bottle, 2.2 litre",£32.99,"3,293",Fitness
"FITFORT Resistance Bands Set, 11 Pack Exercise Bands Stackable up to 150lb, Indoor/Outdoor…",£16.99 - £17.99,"3,758",Fitness
"ELVIRE Resistance Bands, Booty Bands (3 Pack), Fabric Resistance Bands Set for Women/Men,…",£9.99,"4,230",Fitness
JX FITNESS Adjustable Weight Bench Home Training Gym Weight Lifting Sit Up Ab Bench Flat Incline Decline Multiuse Exercise Workout Bench,£9.97,"2,205",Fitness
"OMERIL Resistance Bands [Set of 5], Skin-Friendly Resistance Fitness Exercise Loop Bands with 5…",£19.99,"11,938",Fitness
"Beast Rope by Beast Gear – Speed Skipping Rope for Fitness, Conditioning & Fat Loss. Ideal for…",£6.77,"15,217",Fitness
himaly Exercise Resistance Bands Set 5pcs Strength Training Fitness Tubes Tension Bands…,£10.99,"2,227",Fitness
"Speed Skipping Rope Adult for Women and Men - Advanced Fitness Jump Rope for Exercise, Boxing…",£79.99,"1,926",Fitness
"KG Physio Foam Roller - Massage Roller For Legs, Back and Arms - Ultra Lightweight Core Muscle…",£4.99,"2,064",Fitness
Top Power Lube 20Kg Dumbbells Set of Gym Weights Barbell/Dumbbell Body Building 20KG…,£8.99 - £9.99,343,Fitness
APPSOLS Skipping rope adult- speed jumping rope with non slip handle - Tangle-free Adjustable…,£27.98 - £31.98,299,Fitness
"Letsfit Resistance Bands, Set of 5 Skin-Friendly Resistance Fitness Exercise Bands Set with 5…",£12.90 - £40.99,"1,649",Fitness
"TheFitLife Exercise and Resistance Bands Set - Workout Tubes for Indoor and Outdoor Sports,…",£13.99 - £64.95,"12,879",Fitness
Phoenix Fitness Heavy Weight Kettle Bell for Strength Cardio Training - Kettlebells for Home…,£12.99 - £13.99,888,Fitness
Fitness Mad Unisex's Neo Dumbbells,£19.97,"4,160",Fitness
"OMERIL Resistance Bands Set, [Set of 3] Skin-Friendly Exercise Bands with 3 Resistance…",£36.99 - £69.99,"8,378",Fitness
Beast Gear Speed Skipping Rope Adult for Women and Men - Premium Jump Rope w/High Spec…,£8.99 - £16.99,"2,114",Fitness
"TEMINICE High-End Fitness Trackers,Health Sports Smart Watch with Heart Rate & Sleep…",£16.99 - £17.49,"3,892",Fitness
YouGa Headwear Headbands 6PCS Multifunctional Bandana Wide Seamless Magic Scarf Tube Scarf…,£13.99 - £28.99,"4,901",Fitness
Xn8 Non Slip Exercise Yoga Mat-6mm-Thick-Carry-Bag-Pilates-Fitness,£11.95 - £16.99,"1,651",Fitness
Xn8 Neoprene Ankle Weights Wrist Straps 0.5kg-3kg Pair Legs Weight For Running-Jogging…,£19.89,881,Fitness
Lemef 3-Pack Seamless Sports Bra Wirefree Yoga Bra with Removable Pads for Women,£16.99 - £17.89,"5,758",Fitness
"CFX Resistance Bands,Workout Bands for Legs and Butt Exercise bands Fitness, 3 Sets Resistance…",£23.99 - £24.99,"4,534",Fitness
"FITFORT Resistance Bands Set Men/Women (3 Packs), Exercise Bands for Legs & Butt, Non-Slip…",£55.99,200,Fitness
